{
    "citys": [
        {
            "subDistrict": "Abdasa",
            "states": [
                "Aida",
                "Akri Moti",
                "Arikhana",
                "Ashapar",
                "Balachod Moti",
                "Balachod Nani",
                "Balapar",
                "Bandiya",
                "Bara",
                "Ber Moti",
                "Ber Nani",
                "Berachiya",
                "Bhachunda",
                "Bhanada",
                "Bhavanipar",
                "Bhedi",
                "Bhimpar",
                "Bhoa",
                "Biriari",
                "Bitta",
                "Boha",
                "Budadhro",
                "Budiya",
                "Butta",
                "Charopdi Moti",
                "Charopdi Nani",
                "Chavadaka",
                "Chhachhi",
                "Chhadura",
                "Chhasra",
                "Chiyasar",
                "Daban",
                "Daha",
                "Dhana Vara Vada",
                "Dhufi Moti",
                "Dhufi Nani",
                "Dhunvai",
                "Dumra",
                "Fulay",
                "Fulay Vandh",
                "Gadhvala Vada",
                "Golay",
                "Goyla",
                "Gudthar",
                "Hajapar",
                "Hamirpar",
                "Hingania",
                "Hothiay",
                "Jagaliya",
                "Jakhau",
                "Jana Kosa",
                "Jasapar",
                "Kadoli",
                "Kala Talav",
                "Kamand",
                "Kanakpar",
                "Kandhay",
                "Karaiya",
                "Karamta",
                "Karodiya Mota",
                "Karodiya Nana",
                "Khanay",
                "Kharua",
                "Khirsara",
                "Khuado",
                "Kosa",
                "Kothara",
                "Kukadau",
                "Kunathia",
                "Kuvapaddhar",
                "Laiyari",
                "Lakhania",
                "Lala",
                "Lathedi",
                "Miyani",
                "Mohadi",
                "Mokhra",
                "Mothala",
                "Nagor",
                "Naliya",
                "Nanavada",
                "Nandhra Mota",
                "Nandhra Nana",
                "Nangiya",
                "Naranpar",
                "Naredi",
                "Navavas",
                "Nodevandh",
                "Nundhatad",
                "Pat",
                "Pay",
                "Piyoni",
                "Prajau",
                "Ragan Vandh",
                "Rampar",
                "Ranpur",
                "Rapar Gadhvali",
                "Rava",
                "Raydhanjar",
                "Raydhanpar",
                "Reladiya Manjal",
                "Samanda",
                "Sandhan",
                "Sandhav",
                "Sanosara",
                "Sanyara",
                "Sarangvado",
                "Sindhodi Moti",
                "Sindhodi Nani",
                "Sudadhro Moti",
                "Sudadhro Nani",
                "Sujapar",
                "Sukhpar",
                "Sukhpar Bara",
                "Suthari",
                "Tera",
                "Thumdi",
                "Trambau",
                "Ukir",
                "Ustiya",
                "Vadapaddhar",
                "Vadsar",
                "Vagapaddhar",
                "Vagoth",
                "Valsra",
                "Vamoti Moti",
                "Vamoti Nani",
                "Vandh Timbo",
                "Vandi Moti",
                "Vanku",
                "Varadiya",
                "Varnori Budia",
                "Vayor",
                "Vingaber",
                "Vinjhan"
            ]
        },
        {
            "subDistrict": "Anjar",
            "states": [
                "Ajapar",
                "Ambapar",
                "Amrapar",
                "Bhadroi",
                "Bhalot",
                "Bhimasar",
                "Bhuvad",
                "Budharmora",
                "Chandiya",
                "Chandrani",
                "Chandrapar",
                "Chandroda",
                "Devaliya",
                "Devisar",
                "Dhamadka",
                "Dudhai",
                "Hamirpar",
                "Hirapar",
                "Jagatpar",
                "Jaru",
                "Khambhara",
                "Khedoi",
                "Khengarpar",
                "Khirsara",
                "Khokhra",
                "Kotda",
                "Kumbhariya",
                "Lakhapar",
                "Lohariya Mota",
                "Lohariya Nana",
                "Makhiana",
                "Maringana",
                "Mathak",
                "Mathda",
                "Meghpar",
                "Mindiyala",
                "Modsar",
                "Modvadar",
                "Nagalpar Moti",
                "Nagalpar Nani",
                "Nagavaladiya",
                "Navagam",
                "Ningal",
                "Pantiya",
                "Pashuda",
                "Pashwadi Khara",
                "Pashwadi Mitha",
                "Rampar",
                "Rapar",
                "Ratatalav",
                "Ratnal",
                "Sanghad",
                "Sapeda",
                "Sarkhan",
                "Satapar",
                "Sinugra",
                "Sugariya",
                "Tapar",
                "Tuna",
                "Vada",
                "Valadiya Bitta",
                "Varsamedi",
                "Varsana",
                "Vidi",
                "Vira"
            ]
        },
        {
            "subDistrict": "Bhachau",
            "states": [
                "Adhoi",
                "Amaliyara",
                "Amarapar",
                "Amardi",
                "Bambhanka",
                "Bandhadi",
                "Baniari",
                "Bapuari",
                "Bharudia",
                "Bhujpar",
                "Chandrodi",
                "Chhadavada",
                "Chirai Moti",
                "Chirai Nani",
                "Chobari",
                "Chopadva",
                "Dholavira",
                "Gadhada",
                "Gamdau",
                "Ganeshpar",
                "Gharana",
                "Godpar",
                "Halra",
                "Jadsa",
                "Janan",
                "Jangi",
                "Kabrau",
                "Kadol",
                "Kakarva",
                "Kalyanpar",
                "Kankhoi",
                "Kanthkot",
                "Karmariya",
                "Katariya Juna",
                "Katariya Nava",
                "Kharoda",
                "Kharoi",
                "Khodasar",
                "Kumbhardi",
                "Lakadiya",
                "Lakhapar",
                "Lakhdhirgadh",
                "Lakhpat",
                "Laliana",
                "Lunva",
                "Manfara",
                "May",
                "Meghpar",
                "Modpar",
                "Morgar",
                "Nara",
                "Naransari",
                "Ner",
                "Piprapati",
                "Rajansar",
                "Rajthali",
                "Rampar",
                "Ratanpar",
                "Samakhiari",
                "Shikarpur",
                "Shivlakha",
                "Sikara",
                "Sukhpar",
                "Toraniya",
                "Vamka",
                "Vandhiya",
                "Vasatva",
                "Vijpasar",
                "Vondh",
                "Vondhada"
            ]
        },
        {
            "subDistrict": "Bhuj",
            "states": [
                "Anandsar",
                "Andhau",
                "Baladiya",
                "Bandhara Mota",
                "Bandhara Nana",
                "Baukho",
                "Berdo",
                "Bhagadio",
                "Bharapar",
                "Bharasar",
                "Bhirandiyara",
                "Bhitara Mota",
                "Bhojardo",
                "Bhuj",
                "Bhujodi",
                "Boladi",
                "Chakar",
                "Chapreli",
                "Chubdak",
                "Chunadi",
                "Daddhar Moti",
                "Daddhar Nani",
                "Dagala",
                "Dahinsara",
                "Dedhiya Nana Mota",
                "Deshalpar",
                "Dhaneti",
                "Dharampur",
                "Dhonsa",
                "Dhoravar",
                "Dhori",
                "Dhrang",
                "Dhrobana",
                "Dinara",
                "Fotdi",
                "Fulay",
                "Fulra Timbo",
                "Gado",
                "Gajod",
                "Galpadar",
                "Gandher",
                "Godpar",
                "Godsar",
                "Gorewali",
                "Habay",
                "Hajapar",
                "Harudi",
                "Hodka",
                "Jadura",
                "Jambudi",
                "Jawaharnagar",
                "Jhumkha",
                "Jikadi",
                "Juna",
                "Juriya",
                "Kali Talavdi",
                "Kalyanpar",
                "Kamaguna",
                "Kanaiyabe",
                "Kanderai",
                "Kanpar",
                "Kera",
                "Khari",
                "Kharod",
                "Khavda",
                "Khilna",
                "Kodki",
                "Kotay",
                "Kotda Athamana",
                "Kotda Ugamana",
                "Kukma",
                "Kunaria Nana Mota",
                "Kunariya",
                "Kuran",
                "Kurbai",
                "Kuvathada",
                "Lakhond",
                "Ler",
                "Lodai",
                "Loria",
                "Lothia",
                "Ludiya",
                "Luna",
                "Madhapar",
                "Makanpar",
                "Makhna",
                "Mamuara",
                "Mankuva",
                "Meghpar",
                "Mirjhapar",
                "Misariyado",
                "Mithdi",
                "Mod Bhakhari",
                "Modsar",
                "Mokhana",
                "Nabhoi",
                "Nadapa",
                "Nagiyari",
                "Nagor",
                "Naliyeri Timbo",
                "Naranpar Pasayati",
                "Naranpar Ravli",
                "Natharkui",
                "Nava Vas",
                "Nokhaniya",
                "Notiyar Bhakhari",
                "Padhar",
                "Paiya",
                "Palara",
                "Payarko",
                "Pirvadi",
                "Purasar",
                "Raiyada",
                "Ratadiya",
                "Ratiya",
                "Raydhanpar",
                "Reha Mota",
                "Reha Nana",
                "Reldi Moti",
                "Reldi Nani",
                "Rudramata",
                "Sadau Rakhal",
                "Sadhara",
                "Saiyedpar",
                "Sakrai Timbo",
                "Samatra",
                "Sangada Timbo",
                "Sanosara",
                "Sapar Timbo",
                "Sarli",
                "Sarspar",
                "Sedata",
                "Shervo",
                "Soyla",
                "Sukhpar",
                "Sumarasar",
                "Sumarasar Shekhvali",
                "Tankanasar",
                "Tharavada Mota",
                "Tharavada Nana",
                "Trambau",
                "Traya",
                "Traya Bhakhari",
                "Udhmo",
                "Ukhad Mora",
                "Vadasar",
                "Vadva",
                "Vadvara",
                "Vadzar",
                "Vandh Sim",
                "Vandhay",
                "Vantra",
                "Varli",
                "Varnora Mota",
                "Varnora Nana",
                "Vatachhad",
                "Vavdi",
                "Vehro",
                "Vinchhiya",
                "Virai",
                "Vyara",
                "Zizu Timbo"
            ]
        },
        {
            "subDistrict": "Gandhidham",
            "states": [
                "Antarjal",
                "Bharapar",
                "Chudva",
                "Galpadar",
                "Kandla",
                "Kidana",
                "Mithi Rohar",
                "Padana",
                "Shinay"
            ]
        },
        {
            "subDistrict": "Lakhpat",
            "states": [
                "Akari",
                "Amiya",
                "Ashaldi",
                "Atdo",
                "Baiyavo",
                "Bana",
                "Baranda",
                "Bhadara Mota",
                "Bhadara Nana",
                "Bhudha",
                "Bhujpar",
                "Bitiyari",
                "Chakrai",
                "Chamra",
                "Chher Moti",
                "Chher Nani",
                "Chhuger",
                "Dayapar",
                "Dedrani",
                "Denma",
                "Dhareshi",
                "Dhrang",
                "Dhunay",
                "Dolatpar",
                "Ekliun",
                "Fatehpur",
                "Fulra",
                "Ghaduli",
                "Godhatad",
                "Gugariyana",
                "Guhar Moti",
                "Guhar Nani",
                "Gunau",
                "Guneri",
                "Hamankhudi",
                "Haroda",
                "Harudi",
                "Jadva",
                "Jara",
                "Julrai",
                "Jumara",
                "Junachay",
                "Junagiya",
                "Kaiyari",
                "Kandhora",
                "Kaner",
                "Kanoj",
                "Kapurasi",
                "Karanpar",
                "Khadak",
                "Khanot",
                "Kharai",
                "Kharoda",
                "Khatiyun",
                "Khengarpar",
                "Khirsara",
                "Koriyani",
                "Kotda",
                "Koteshvar",
                "Kunri",
                "Lakhapar",
                "Lakhmirani",
                "Lakhpat",
                "Maldo",
                "Maniara",
                "Matana Madh",
                "Meghpar",
                "Mindhiyari",
                "Mori",
                "Mudhan",
                "Mudiya",
                "Mundhvay",
                "Murchbana",
                "Nara",
                "Narayan Sarovar",
                "Naredi",
                "Naredo",
                "Pakho",
                "Panandhro",
                "Pipar",
                "Pranpar",
                "Punrajpar",
                "Ramaniya",
                "Ratipar",
                "Ravareshvar",
                "Rodasar Lakki",
                "Sambhada",
                "Samjiaro",
                "Saran Moti",
                "Saran Nani",
                "Sayra",
                "Sheh",
                "Shinapar",
                "Siyot",
                "Subhashpar",
                "Suja Vandh",
                "Tahera",
                "Ukher",
                "Umarsar",
                "Virani"
            ]
        },
        {
            "subDistrict": "Mandvi",
            "states": [
                "Ajapar",
                "Asambiya Mota",
                "Asambiya Nana",
                "Asarani",
                "Bada",
                "Bag",
                "Bambhadai",
                "Bayath",
                "Bhada",
                "Bhadai Moti",
                "Bhadai Nani",
                "Bharapar",
                "Bheraiya",
                "Bhinsara",
                "Bhojay",
                "Bidada",
                "Changdai",
                "Darashadi",
                "Dedhiya",
                "Devpar",
                "Dhokda",
                "Dhunai",
                "Don",
                "Dujapar",
                "Durgapar",
                "Faradi",
                "Filon",
                "Gadhsisa",
                "Gandhigram",
                "Gangapar",
                "Godhra",
                "Goniyasar Mota",
                "Goniyasar Nana",
                "Gundiyali",
                "Halapar",
                "Hamla",
                "Jakhaniya",
                "Jamthada",
                "Kathda",
                "Koday",
                "Kojachora",
                "Kokaliya",
                "Kotaya",
                "Kotdi",
                "Layja Mota",
                "Layja Nana",
                "Ludva",
                "Makda",
                "Mamaymora",
                "Mandvi",
                "Manjal",
                "Mapar",
                "Maska",
                "Mau Moti",
                "Mau Nani",
                "Merau",
                "Mod Kuba",
                "Mota Bhadiya",
                "Nabhoi",
                "Nagalpar",
                "Nagrecha",
                "Nana Bhadiya",
                "Nani Khakhar",
                "Padamapar",
                "Panchatiya",
                "Pipari",
                "Poladiya",
                "Punadi",
                "Pyaka",
                "Rajda",
                "Rajpar",
                "Rajpar Timbo",
                "Rampar",
                "Ratadiya Mota",
                "Ratadiya Nana",
                "Rayan Moti",
                "Rayan Nani",
                "Sabhrai Moti",
                "Sabhrai Nani",
                "Sherdi",
                "Shirva",
                "Talvana",
                "Tragadi",
                "Traya",
                "Undoth Brahmanvali",
                "Undoth Moti",
                "Undoth Nani",
                "Vada",
                "Vandh",
                "Vekra",
                "Vindh",
                "Vindh Timbo",
                "Vinganiya",
                "Virani"
            ]
        },
        {
            "subDistrict": "Mundra",
            "states": [
                "Babiya",
                "Bagda",
                "Baraya",
                "Baroi",
                "Beraja",
                "Bhadresar",
                "Bharudiya",
                "Bhorara",
                "Bocha",
                "Borana",
                "Chhasra",
                "Depa",
                "Deshalpar",
                "Dhrab",
                "Fachariya",
                "Gelda",
                "Goersama",
                "Gundala",
                "Hatdi",
                "Jarpara",
                "Kanajra",
                "Kandagara Mota",
                "Kandagara Nana",
                "Karagoga",
                "Khakhar Moti",
                "Kukadsar",
                "Kundrodi",
                "Kuvay",
                "Lakhapar",
                "Lifara",
                "Luni",
                "Mangra",
                "Mokha",
                "Mota Kapaya",
                "Moti Bhujpar",
                "Mundra",
                "Nana Kapaya",
                "Nani Bhujpar",
                "Navinal",
                "Patri",
                "Pavdiara",
                "Pragpar",
                "Pratappar",
                "Raga",
                "Ramaniya",
                "Ratadiya",
                "Sadau",
                "Samagoga",
                "Shekhadiya",
                "Shiracha",
                "Sukhpar",
                "Tappar",
                "Toda",
                "Tumbadi Moti",
                "Tumbadi Nani",
                "Tunda",
                "Vadala",
                "Vagura",
                "Vanki",
                "Viraniya",
                "Vovar"
            ]
        },
        {
            "subDistrict": "Nakhatrana",
            "states": [
                "Adhochhani",
                "Aiyar",
                "Akadna",
                "Ambara",
                "Anandpar",
                "Anandsar",
                "Angiya Mota",
                "Angiya Nana",
                "Aral Moti",
                "Aral Nani",
                "Badi",
                "Bagpat",
                "Bandiyara",
                "Beru",
                "Bhadali",
                "Bharapar",
                "Bhimsar",
                "Bhitara",
                "Bhojraj Vandh",
                "Bhunjay Moti",
                "Bhunjay Nani",
                "Bibar",
                "Charakhada",
                "Chavadka",
                "Dador",
                "Danana",
                "Deshalpar",
                "Devisar",
                "Devpar",
                "Devsar",
                "Dhamay",
                "Dhavda Mota",
                "Dhavda Nana",
                "Dhoro",
                "Fulay",
                "Gadani",
                "Gajansar",
                "Gangon Ugamani",
                "Haripar",
                "Jaday",
                "Jadodar",
                "Jalu",
                "Jarjok",
                "Jatavira",
                "Jesarvandh",
                "Jinday",
                "Jinjay",
                "Jiyapar",
                "Kadiya Mota",
                "Kadiya Nana",
                "Kakadbhit",
                "Kalyanpar",
                "Khambhla",
                "Kharadiya",
                "Khirsara",
                "Khombhdi Moti",
                "Khombhdi Nani",
                "Kotda",
                "Kotda Jadodar",
                "Lakhadi",
                "Lakhiyarvira",
                "Lakshmipur",
                "Lifri",
                "Ludbay",
                "Mangvana",
                "Manjal",
                "Maru",
                "Mathal",
                "Mathalapadar",
                "Medisar",
                "Moray",
                "Morgar",
                "Morjar",
                "Mosuna",
                "Nadapa",
                "Nagalpar",
                "Nagviri",
                "Nakhatrana",
                "Nakhatrana Nana",
                "Naranpar",
                "Netra",
                "Nirona",
                "Olangiya",
                "Oriro",
                "Palivad",
                "Paneli",
                "Rajday",
                "Rampar",
                "Ranara Mota",
                "Ranara Nana",
                "Rangaypadar",
                "Rasaliya",
                "Ratadiya",
                "Ratamiya",
                "Ravapar",
                "Roha",
                "Sangnara",
                "Sanyra",
                "Sukhpar",
                "Sukhsan",
                "Tal",
                "Tara",
                "Than",
                "Tharavada",
                "Todiya",
                "Ugedi",
                "Ukharda",
                "Ulat",
                "Umrapar",
                "Unthongadi",
                "Vadva Bhopavala",
                "Vadva Kanyavala",
                "Valka Mota",
                "Valka Nana",
                "Vamrapadar",
                "Vang",
                "Varamseda",
                "Vehar",
                "Versalpar",
                "Vibhapar",
                "Vigodi",
                "Vijpasar",
                "Virani Moti",
                "Virani Nani",
                "Virkhal",
                "Vithon"
            ]
        },
        {
            "subDistrict": "Rapar",
            "states": [
                "Adesar",
                "Amrapar",
                "Anandpar",
                "Badalpar",
                "Badargadh",
                "Balasar",
                "Bambhansar",
                "Bela",
                "Bharidia",
                "Bhimasar",
                "Bhimdevka",
                "Chhotapar",
                "Chitrod",
                "Dabhunda",
                "Davri",
                "Dedarva",
                "Deshalpar",
                "Dhabda",
                "Dhadadhroni Vandh",
                "Fatehgadh",
                "Fulpara",
                "Gagodar",
                "Gavaripar",
                "Gedi",
                "Ghanithal",
                "Govindpar",
                "Hamirpar Moti",
                "Hamirpar Nani",
                "Jadavas",
                "Jadupar",
                "Jatavada",
                "Jesda",
                "Kalyanpar",
                "Kanmer",
                "Kanpar",
                "Karuda",
                "Khandek",
                "Khanpar",
                "Khengarpar",
                "Khirai",
                "Kidiyanagar",
                "Kuda",
                "Kumbhariya",
                "Lakda Vandh",
                "Lakhagadh",
                "Lodrani",
                "Makhel",
                "Manaba",
                "Mangadh",
                "Manjuvas",
                "Mauvana",
                "Mevasa",
                "Moda",
                "Momaymora",
                "Nagalpar",
                "Naliyatimbo",
                "Nanda",
                "Nandasar",
                "Naranpar",
                "Nilpar",
                "Padampar",
                "Pagivandh",
                "Palanpar",
                "Palansva",
                "Pandya No Gadh",
                "Pethapar",
                "Pragpar",
                "Pratap Gadh",
                "Rampar",
                "Ramvav",
                "Rav Moti",
                "Sai",
                "Sangadh",
                "Sanva",
                "Sany",
                "Sarasla",
                "Selari",
                "Somani Vandh",
                "Sonalva",
                "Sudana Vandh",
                "Sukhpar",
                "Surba Vandh",
                "Suvai",
                "Taga",
                "Thanpar",
                "Thoriari",
                "Tindalva Mota",
                "Trambau",
                "Umaiya",
                "Vajepar",
                "Vallabhpar",
                "Vanoi",
                "Varnun",
                "Vekra",
                "Versara",
                "Vijapar",
                "Vrajvani"
            ]
        }
    ]
}
